AWB_ID,Origin,Final_Destination,Part,Total,Weather,Timestamp
AWBM6L84E,HUB_ORADEA,HUB_IASI,1,1,SUNNY,2026-01-28T12:00:00
AWBK6LNVJ,HUB_SIBIU,HUB_BUCURESTI,1,1,SUNNY,2026-01-28T12:00:00
AWBVJH5P,HUB_PLOIESTI,HUB_CONSTANTA,1,1,SUNNY,2026-01-28T12:00:00
AWBVVXII,HUB_CLUJ,HUB_PITESTI,1,1,SUNNY,2026-01-28T12:00:00
AWBUKOQ62,HUB_OTOPENI,HUB_BUCURESTI,1,1,SUNNY,2026-01-28T12:00:00
AWB04COBF,HUB_TIMISOARA,HUB_ARAD,1,1,SUNNY,2026-01-28T12:00:00
AWB1H3R6D,HUB_SIBIU,HUB_PLOIESTI,1,1,SUNNY,2026-01-28T12:00:00
AWBE62FSL,HUB_GALATI,HUB_ARAD,1,1,SUNNY,2026-01-28T12:00:00
AWBW24Q5H,HUB_GALATI,HUB_CRAIOVA,1,1,SUNNY,2026-01-28T12:00:00
AWB0BNNA9,HUB_PITESTI,HUB_BRASOV,1,1,SUNNY,2026-01-28T12:00:00
AWBJQR006,HUB_GALATI,HUB_CLUJ,1,1,SUNNY,2026-01-28T12:00:00
AWBM2TDOG,HUB_BRASOV,HUB_BUCURESTI,1,1,SUNNY,2026-01-28T12:00:00
AWB395CWO,HUB_OTOPENI,HUB_ORADEA,1,1,SUNNY,2026-01-28T12:00:00
AWB4W5ROV,HUB_ORADEA,HUB_BRASOV,1,1,SUNNY,2026-01-28T12:00:00
AWB5CATCG,HUB_BUCURESTI,HUB_GALATI,1,1,SUNNY,2026-01-28T12:00:00
AWB0HUDZ,HUB_PLOIESTI,HUB_GALATI,1,1,SUNNY,2026-01-28T12:00:00
AWBNO90X,HUB_PLOIESTI,HUB_IASI,1,1,SUNNY,2026-01-28T12:00:00
AWBJM189,HUB_ORADEA,HUB_CRAIOVA,1,1,SUNNY,2026-01-28T12:00:00
AWBRBH88DV,HUB_PITESTI,HUB_ARAD,1,1,SUNNY,2026-01-28T12:00:00
AWB4W9ZSF,HUB_BRASOV,HUB_SIBIU,1,1,SUNNY,2026-01-28T12:00:00
AWB0ZO81J,HUB_OTOPENI,HUB_PLOIESTI,1,1,SUNNY,2026-01-28T12:00:00
AWBJP7X9,HUB_OTOPENI,HUB_PITESTI,1,1,SUNNY,2026-01-28T12:00:00
AWBJGR6LD,HUB_PLOIESTI,HUB_TIMISOARA,1,1,SUNNY,2026-01-28T12:00:00
AWBG6F7EQ,HUB_ORADEA,HUB_OTOPENI,1,1,SUNNY,2026-01-28T12:00:00
AWBJI7JE8,HUB_GALATI,HUB_BRASOV,1,1,SUNNY,2026-01-28T12:00:00
AWBD2QR5,HUB_ARAD,HUB_CLUJ,1,1,SUNNY,2026-01-28T12:00:00
AWBT6QWW4,HUB_GALATI,HUB_BACAU,1,1,SUNNY,2026-01-28T12:00:00
AWBI81G9W,HUB_TIMISOARA,HUB_GALATI,1,1,SUNNY,2026-01-28T12:00:00
AWB4LRWRA,HUB_BACAU,HUB_TIMISOARA,1,1,SUNNY,2026-01-28T12:00:00
AWBZLNNXM,HUB_ORADEA,HUB_BACAU,1,1,SUNNY,2026-01-28T12:00:00
AWBG90U5Q,HUB_IASI,HUB_OTOPENI,1,1,SUNNY,2026-01-28T12:00:00
AWBEEVR3J,HUB_PITESTI,HUB_GALATI,1,1,SUNNY,2026-01-28T12:00:00
AWB01D8T7,HUB_CLUJ,HUB_TIMISOARA,1,1,SUNNY,2026-01-28T12:00:00
AWBT3BZXW,HUB_BACAU,HUB_PLOIESTI,1,1,SUNNY,2026-01-28T12:00:00
AWB42CD1U,HUB_BACAU,HUB_CRAIOVA,1,1,SUNNY,2026-01-28T12:00:00
AWBKUUO0G,HUB_SIBIU,HUB_ORADEA,1,1,SUNNY,2026-01-28T12:00:00
AWBEY7VAS,HUB_CONSTANTA,HUB_ARAD,1,1,SUNNY,2026-01-28T12:00:00
AWBE6JWMO,HUB_CLUJ,HUB_TIMISOARA,1,1,SUNNY,2026-01-28T12:00:00
AWBCK27N,HUB_BUCURESTI,HUB_SIBIU,1,1,SUNNY,2026-01-28T12:00:00
AWBY301U,HUB_BACAU,HUB_IASI,1,1,SUNNY,2026-01-28T12:00:00
AWB26SSWB,HUB_PITESTI,HUB_CONSTANTA,1,1,SUNNY,2026-01-28T12:00:00
AWBOK6M9J7,HUB_ORADEA,HUB_BRASOV,1,1,SUNNY,2026-01-28T12:00:00
AWB43TH8R,HUB_SIBIU,HUB_ARAD,1,1,SUNNY,2026-01-28T12:00:00
AWBYV13QZ,HUB_PITESTI,HUB_IASI,1,1,SUNNY,2026-01-28T12:00:00
AWBY0KTUI,HUB_OTOPENI,HUB_ARAD,1,1,SUNNY,2026-01-28T12:00:00
AWBIFM8F,HUB_SIBIU,HUB_ARAD,1,1,SUNNY,2026-01-28T12:00:00
AWBVE155H,HUB_CONSTANTA,HUB_PLOIESTI,1,1,SUNNY,2026-01-28T12:00:00
AWBT4DFEE,HUB_SIBIU,HUB_IASI,1,1,SUNNY,2026-01-28T12:00:00
AWBNZOZFP,HUB_CONSTANTA,HUB_TIMISOARA,1,1,SUNNY,2026-01-28T12:00:00
AWBP4AUKW,HUB_CONSTANTA,HUB_CRAIOVA,1,1,SUNNY,2026-01-28T12:00:00
AWBT0Y2IV,HUB_CLUJ,HUB_CRAIOVA,1,1,SUNNY,2026-01-28T12:00:00
AWBNBFNY,HUB_BRASOV,HUB_BACAU,1,1,SUNNY,2026-01-28T12:00:00
AWB3TLKJH,HUB_ORADEA,HUB_OTOPENI,1,1,SUNNY,2026-01-28T12:00:00
AWBSE615E,HUB_PLOIESTI,HUB_CLUJ,1,1,SUNNY,2026-01-28T12:00:00
AWB1YU1DJ,HUB_BACAU,HUB_PITESTI,1,1,SUNNY,2026-01-28T12:00:00
AWB1RB7EB,HUB_BACAU,HUB_TIMISOARA,1,1,SUNNY,2026-01-28T12:00:00
AWBJVD7GB,HUB_GALATI,HUB_IASI,1,1,SUNNY,2026-01-28T12:00:00
AWBZZ7X3E,HUB_PITESTI,HUB_ARAD,1,1,SUNNY,2026-01-28T12:00:00
AWBA5D95C,HUB_SIBIU,HUB_CRAIOVA,1,1,SUNNY,2026-01-28T12:00:00
AWB1K9YNM,HUB_PITESTI,HUB_ORADEA,1,1,SUNNY,2026-01-28T12:00:00
AWBQHOGR,HUB_BRASOV,HUB_BACAU,1,1,SUNNY,2026-01-28T12:00:00
AWBVG5W5,HUB_OTOPENI,HUB_BUCURESTI,1,1,SUNNY,2026-01-28T12:00:00
AWBHPN9F4,HUB_BRASOV,HUB_OTOPENI,1,1,SUNNY,2026-01-28T12:00:00
AWBFK1WE,HUB_ARAD,HUB_PLOIESTI,1,1,SUNNY,2026-01-28T12:00:00
AWB3T066,HUB_BACAU,HUB_IASI,1,1,SUNNY,2026-01-28T12:00:00
AWBG6CYNK,HUB_BACAU,HUB_ORADEA,1,1,SUNNY,2026-01-28T12:00:00
AWB65T6LL,HUB_PLOIESTI,HUB_CRAIOVA,1,1,SUNNY,2026-01-28T12:00:00
AWBGQSM39O,HUB_OTOPENI,HUB_PITESTI,1,1,SUNNY,2026-01-28T12:00:00
AWBUCFPZ3,HUB_IASI,HUB_OTOPENI,1,1,SUNNY,2026-01-28T12:00:00
AWBHUXGJS,HUB_IASI,HUB_BRASOV,1,1,SUNNY,2026-01-28T12:00:00
AWBUKTL9,HUB_OTOPENI,HUB_ORADEA,1,1,SUNNY,2026-01-28T12:00:00
AWBY2HUPIV,HUB_CRAIOVA,HUB_TIMISOARA,1,1,SUNNY,2026-01-28T12:00:00
AWBTU2689,HUB_CLUJ,HUB_BRASOV,1,1,SUNNY,2026-01-28T12:00:00
AWBM9P8VE,HUB_CONSTANTA,HUB_BACAU,1,1,SUNNY,2026-01-28T12:00:00
AWBBJ4FV8,HUB_BRASOV,HUB_CONSTANTA,1,1,SUNNY,2026-01-28T12:00:00
AWBGW2A3,HUB_TIMISOARA,HUB_CONSTANTA,1,1,SUNNY,2026-01-28T12:00:00
AWBAKRTAA,HUB_CLUJ,HUB_BUCURESTI,1,1,SUNNY,2026-01-28T12:00:00
AWBUT2864,HUB_PLOIESTI,HUB_BRASOV,1,1,SUNNY,2026-01-28T12:00:00
AWB4ENLD,HUB_BRASOV,HUB_IASI,1,1,SUNNY,2026-01-28T12:00:00
AWBS7OMC,HUB_PITESTI,HUB_CONSTANTA,1,1,SUNNY,2026-01-28T12:00:00
AWB720CAH,HUB_IASI,HUB_BRASOV,1,1,SUNNY,2026-01-28T12:00:00
AWBDAL6SJ,HUB_GALATI,HUB_SIBIU,1,1,SUNNY,2026-01-28T12:00:00
AWBTQXW6D,HUB_BACAU,HUB_SIBIU,1,1,SUNNY,2026-01-28T12:00:00
AWBP29ZG8,HUB_TIMISOARA,HUB_CONSTANTA,1,1,SUNNY,2026-01-28T12:00:00
AWBRX4C3I,HUB_IASI,HUB_BRASOV,1,1,SUNNY,2026-01-28T12:00:00
AWBNLPL2R,HUB_SIBIU,HUB_ARAD,1,1,SUNNY,2026-01-28T12:00:00
AWBVJHS19,HUB_GALATI,HUB_ORADEA,1,1,SUNNY,2026-01-28T12:00:00
AWBLFV7NB,HUB_GALATI,HUB_PITESTI,1,1,SUNNY,2026-01-28T12:00:00
AWB46N0N,HUB_SIBIU,HUB_CONSTANTA,1,1,SUNNY,2026-01-28T12:00:00
AWBMKHBLV,HUB_CONSTANTA,HUB_SIBIU,1,1,SUNNY,2026-01-28T12:00:00
AWB7KUI1A,HUB_CLUJ,HUB_GALATI,1,1,SUNNY,2026-01-28T12:00:00
AWBW8EGLC,HUB_IASI,HUB_BRASOV,1,1,SUNNY,2026-01-28T12:00:00
AWBA0EJUV,HUB_CLUJ,HUB_IASI,1,1,SUNNY,2026-01-28T12:00:00
AWB6ADJW,HUB_SIBIU,HUB_TIMISOARA,1,1,SUNNY,2026-01-28T12:00:00
AWB9DSLKI,HUB_CONSTANTA,HUB_ORADEA,1,1,SUNNY,2026-01-28T12:00:00
AWBNUOOQM,HUB_CLUJ,HUB_CRAIOVA,1,1,SUNNY,2026-01-28T12:00:00
AWBZ6C0SB,HUB_BUCURESTI,HUB_BRASOV,1,1,SUNNY,2026-01-28T12:00:00
AWBSE6JLE,HUB_CONSTANTA,HUB_ARAD,1,1,SUNNY,2026-01-28T12:00:00
AWBGH5W9P,HUB_TIMISOARA,HUB_PITESTI,1,1,SUNNY,2026-01-28T12:00:00
AWB934LOC,HUB_CLUJ,HUB_ARAD,1,1,SUNNY,2026-01-28T12:00:00
AWBF5LDN,HUB_CLUJ,HUB_CRAIOVA,1,1,SUNNY,2026-01-28T12:00:00
AWBKZ7RLI,HUB_PITESTI,HUB_CLUJ,1,1,SUNNY,2026-01-28T12:00:00
AWB6Z8AAN,HUB_BUCURESTI,HUB_OTOPENI,1,1,SUNNY,2026-01-28T12:00:00
AWBBLM0PZ,HUB_BUCURESTI,HUB_BACAU,1,1,SUNNY,2026-01-28T12:00:00
AWB942HY,HUB_BRASOV,HUB_CONSTANTA,1,1,SUNNY,2026-01-28T12:00:00
AWBXO9X2R,HUB_CLUJ,HUB_SIBIU,1,1,SUNNY,2026-01-28T12:00:00
AWB3UQ2LK,HUB_SIBIU,HUB_CRAIOVA,1,1,SUNNY,2026-01-28T12:00:00
AWBV5K4NH,HUB_ARAD,HUB_OTOPENI,1,1,SUNNY,2026-01-28T12:00:00
AWBVTPOFH,HUB_TIMISOARA,HUB_PITESTI,1,1,SUNNY,2026-01-28T12:00:00
AWB30XDQ6,HUB_CLUJ,HUB_ARAD,1,1,SUNNY,2026-01-28T12:00:00
AWB2CWYZT,HUB_PLOIESTI,HUB_PITESTI,1,1,SUNNY,2026-01-28T12:00:00
AWB7RG08P,HUB_TIMISOARA,HUB_BUCURESTI,1,1,SUNNY,2026-01-28T12:00:00
AWBX8D7IS,HUB_CLUJ,HUB_GALATI,1,1,SUNNY,2026-01-28T12:00:00
AWBT84ONO,HUB_BRASOV,HUB_TIMISOARA,1,1,SUNNY,2026-01-28T12:00:00
AWBMKMAMC,HUB_PLOIESTI,HUB_BUCURESTI,1,1,SUNNY,2026-01-28T12:00:00
AWBEFIJ,HUB_PLOIESTI,HUB_SIBIU,1,1,SUNNY,2026-01-28T12:00:00
AWBU0QMN,HUB_GALATI,HUB_PITESTI,1,1,SUNNY,2026-01-28T12:00:00
AWB60MGLD,HUB_BRASOV,HUB_OTOPENI,1,1,SUNNY,2026-01-28T12:00:00
AWB8K691S,HUB_BUCURESTI,HUB_GALATI,1,1,SUNNY,2026-01-28T12:00:00
AWBXUR47T,HUB_BRASOV,HUB_ARAD,1,1,SUNNY,2026-01-28T12:00:00
AWBCV7WT5,HUB_BRASOV,HUB_SIBIU,1,1,SUNNY,2026-01-28T12:00:00
AWBK58U3O,HUB_IASI,HUB_OTOPENI,1,1,SUNNY,2026-01-28T12:00:00
AWBDXFQ04,HUB_OTOPENI,HUB_PITESTI,1,1,SUNNY,2026-01-28T12:00:00
AWBDK8N5,HUB_ARAD,HUB_BUCURESTI,1,1,SUNNY,2026-01-28T12:00:00
AWBSLVTQB,HUB_GALATI,HUB_ARAD,1,1,SUNNY,2026-01-28T12:00:00
AWBARPAJR,HUB_CRAIOVA,HUB_BUCURESTI,1,1,SUNNY,2026-01-28T12:00:00
AWB0UXDC,HUB_ARAD,HUB_CLUJ,1,1,SUNNY,2026-01-28T12:00:00
AWBT5V01D,HUB_BACAU,HUB_IASI,1,1,SUNNY,2026-01-28T12:00:00
AWBHOXBD5,HUB_PITESTI,HUB_BACAU,1,1,SUNNY,2026-01-28T12:00:00
AWBUK999X,HUB_CLUJ,HUB_BUCURESTI,1,1,SUNNY,2026-01-28T12:00:00
AWB5GIS1,HUB_ORADEA,HUB_OTOPENI,1,1,SUNNY,2026-01-28T12:00:00
AWBUMR8AJ,HUB_OTOPENI,HUB_ORADEA,1,1,SUNNY,2026-01-28T12:00:00
AWBCSCYO,HUB_ORADEA,HUB_SIBIU,1,1,SUNNY,2026-01-28T12:00:00
AWBQIGPFD,HUB_CLUJ,HUB_GALATI,1,1,SUNNY,2026-01-28T12:00:00
AWBVLKU19,HUB_BACAU,HUB_GALATI,1,1,SUNNY,2026-01-28T12:00:00
AWBH6DIC6,HUB_CLUJ,HUB_SIBIU,1,1,SUNNY,2026-01-28T12:00:00
AWBY3396N,HUB_GALATI,HUB_CONSTANTA,1,1,SUNNY,2026-01-28T12:00:00
AWB68H54S,HUB_ORADEA,HUB_BRASOV,1,1,SUNNY,2026-01-28T12:00:00
AWB1WCS4H,HUB_PLOIESTI,HUB_CLUJ,1,1,SUNNY,2026-01-28T12:00:00
AWBGJ6IRB,HUB_CLUJ,HUB_ORADEA,1,1,SUNNY,2026-01-28T12:00:00
AWB6EQGVJM,HUB_PITESTI,HUB_SIBIU,1,1,SUNNY,2026-01-28T12:00:00
AWBMP4GY8,HUB_IASI,HUB_PLOIESTI,1,1,SUNNY,2026-01-28T12:00:00
AWBAZBKN,HUB_ARAD,HUB_CLUJ,1,1,SUNNY,2026-01-28T12:00:00
AWBLK66FM,HUB_BUCURESTI,HUB_CLUJ,1,1,SUNNY,2026-01-28T12:00:00
AWBP3TAK6,HUB_SIBIU,HUB_TIMISOARA,1,1,SUNNY,2026-01-28T12:00:00
AWB2HIKBD,HUB_PITESTI,HUB_PLOIESTI,1,1,SUNNY,2026-01-28T12:00:00
AWBOF524,HUB_PLOIESTI,HUB_BACAU,1,1,SUNNY,2026-01-28T12:00:00
AWB3888L,HUB_ORADEA,HUB_PLOIESTI,1,1,SUNNY,2026-01-28T12:00:00
AWBHYS66,HUB_ARAD,HUB_CONSTANTA,1,1,SUNNY,2026-01-28T12:00:00
AWBLCKQCH,HUB_TIMISOARA,HUB_CRAIOVA,1,1,SUNNY,2026-01-28T12:00:00
AWBNKAKSGD,HUB_TIMISOARA,HUB_ARAD,1,1,SUNNY,2026-01-28T12:00:00
AWBYIQ82Y,HUB_BRASOV,HUB_CLUJ,1,1,SUNNY,2026-01-28T12:00:00
AWBM1WDOA,HUB_SIBIU,HUB_CONSTANTA,1,1,SUNNY,2026-01-28T12:00:00
AWBE4CXLY,HUB_ARAD,HUB_CLUJ,1,1,SUNNY,2026-01-28T12:00:00
AWBGOE2SD,HUB_IASI,HUB_CRAIOVA,1,1,SUNNY,2026-01-28T12:00:00
AWBELER7,HUB_IASI,HUB_GALATI,1,1,SUNNY,2026-01-28T12:00:00
AWBVECPX,HUB_ORADEA,HUB_OTOPENI,1,1,SUNNY,2026-01-28T12:00:00
AWBV3NG8,HUB_ORADEA,HUB_CONSTANTA,1,1,SUNNY,2026-01-28T12:00:00
AWBIYZ1U3,HUB_TIMISOARA,HUB_BACAU,1,1,SUNNY,2026-01-28T12:00:00
AWBZTGQZH,HUB_OTOPENI,HUB_CLUJ,1,1,SUNNY,2026-01-28T12:00:00
AWB62WUMS,HUB_CLUJ,HUB_CONSTANTA,1,1,SUNNY,2026-01-28T12:00:00
AWBBJPZG,HUB_BRASOV,HUB_TIMISOARA,1,1,SUNNY,2026-01-28T12:00:00
AWBT3YRD,HUB_TIMISOARA,HUB_ORADEA,1,1,SUNNY,2026-01-28T12:00:00
AWBLUQP99,HUB_CLUJ,HUB_GALATI,1,1,SUNNY,2026-01-28T12:00:00
AWB4HSAEE,HUB_PLOIESTI,HUB_PITESTI,1,1,SUNNY,2026-01-28T12:00:00
AWBHU70JG,HUB_GALATI,HUB_PLOIESTI,1,1,SUNNY,2026-01-28T12:00:00
AWB87RLEC,HUB_CLUJ,HUB_CRAIOVA,1,1,SUNNY,2026-01-28T12:00:00
AWBG1OBQN,HUB_BRASOV,HUB_CLUJ,1,1,SUNNY,2026-01-28T12:00:00
AWBC88PX,HUB_OTOPENI,HUB_PITESTI,1,1,SUNNY,2026-01-28T12:00:00
AWBL3M8GSJ,HUB_PITESTI,HUB_GALATI,1,1,SUNNY,2026-01-28T12:00:00
AWBEUADPY,HUB_ORADEA,HUB_ARAD,1,1,SUNNY,2026-01-28T12:00:00
AWBQ61ZPE,HUB_OTOPENI,HUB_GALATI,1,1,SUNNY,2026-01-28T12:00:00
AWB38V4OP,HUB_GALATI,HUB_CLUJ,1,1,SUNNY,2026-01-28T12:00:00
AWBALKLZI,HUB_PLOIESTI,HUB_BUCURESTI,1,1,SUNNY,2026-01-28T12:00:00
AWBF4AARU,HUB_CRAIOVA,HUB_BACAU,1,1,SUNNY,2026-01-28T12:00:00
AWBX288,HUB_TIMISOARA,HUB_BRASOV,1,1,SUNNY,2026-01-28T12:00:00
AWBQL75Y,HUB_SIBIU,HUB_GALATI,1,1,SUNNY,2026-01-28T12:00:00
AWB5RJS8O,HUB_BRASOV,HUB_OTOPENI,1,1,SUNNY,2026-01-28T12:00:00
AWB6YJYB5,HUB_BUCURESTI,HUB_ARAD,1,1,SUNNY,2026-01-28T12:00:00
AWBDJE8AR,HUB_IASI,HUB_PITESTI,1,1,SUNNY,2026-01-28T12:00:00
AWBKI9WBA,HUB_SIBIU,HUB_IASI,1,1,SUNNY,2026-01-28T12:00:00
AWBG4JKO,HUB_BACAU,HUB_GALATI,1,1,SUNNY,2026-01-28T12:00:00
AWBY6LHZM,HUB_ORADEA,HUB_BACAU,1,1,SUNNY,2026-01-28T12:00:00
AWBTB0WUR,HUB_BACAU,HUB_TIMISOARA,1,1,SUNNY,2026-01-28T12:00:00
AWBPP7CBI,HUB_CLUJ,HUB_BACAU,1,1,SUNNY,2026-01-28T12:00:00
AWBLUSQQL,HUB_SIBIU,HUB_TIMISOARA,1,1,SUNNY,2026-01-28T12:00:00
AWBRL75O,HUB_IASI,HUB_BRASOV,1,1,SUNNY,2026-01-28T12:00:00
AWBVR2Q2F,HUB_IASI,HUB_BACAU,1,1,SUNNY,2026-01-28T12:00:00
AWBIB3NV,HUB_GALATI,HUB_PITESTI,1,1,SUNNY,2026-01-28T12:00:00
AWB7KE49J,HUB_CRAIOVA,HUB_IASI,1,1,SUNNY,2026-01-28T12:00:00
AWBE64U8I,HUB_IASI,HUB_CRAIOVA,1,1,SUNNY,2026-01-28T12:00:00
AWBSO22V8,HUB_OTOPENI,HUB_ORADEA,1,1,SUNNY,2026-01-28T12:00:00
AWBKTZ4G,HUB_SIBIU,HUB_CLUJ,1,1,SUNNY,2026-01-28T12:00:00
AWBX2O6XV,HUB_ORADEA,HUB_BRASOV,1,1,SUNNY,2026-01-28T12:00:00
AWBDGHO0A,HUB_CLUJ,HUB_OTOPENI,1,1,SUNNY,2026-01-28T12:00:00
AWBRVKFYA,HUB_ORADEA,HUB_CONSTANTA,1,1,SUNNY,2026-01-28T12:00:00
AWBWKUCX,HUB_BUCURESTI,HUB_CLUJ,1,1,SUNNY,2026-01-28T12:00:00
AWB1S7RBF,HUB_ARAD,HUB_PLOIESTI,1,1,SUNNY,2026-01-28T12:00:00
AWBA35QR,HUB_CRAIOVA,HUB_SIBIU,1,1,SUNNY,2026-01-28T12:00:00
AWBULJR4F,HUB_PLOIESTI,HUB_BUCURESTI,1,1,SUNNY,2026-01-28T12:00:00
AWBII0M68,HUB_GALATI,HUB_PITESTI,1,1,SUNNY,2026-01-28T12:00:00
AWB71R2VQ,HUB_ARAD,HUB_CRAIOVA,1,1,SUNNY,2026-01-28T12:00:00
AWB8XU08I,HUB_ARAD,HUB_BACAU,1,1,SUNNY,2026-01-28T12:00:00
AWB6X6SU,HUB_GALATI,HUB_BRASOV,1,1,SUNNY,2026-01-28T12:00:00
AWBP2WNAH,HUB_CLUJ,HUB_ARAD,1,1,SUNNY,2026-01-28T12:00:00
AWB5XO0P,HUB_CONSTANTA,HUB_IASI,1,1,SUNNY,2026-01-28T12:00:00
AWBK3SAA8,HUB_PLOIESTI,HUB_ORADEA,1,1,SUNNY,2026-01-28T12:00:00
AWB0N6Z1O,HUB_CONSTANTA,HUB_SIBIU,1,1,SUNNY,2026-01-28T12:00:00
AWBX5GOQ,HUB_BACAU,HUB_BRASOV,1,1,SUNNY,2026-01-28T12:00:00
AWB7F2ZK9,HUB_CONSTANTA,HUB_ORADEA,1,1,SUNNY,2026-01-28T12:00:00
AWBMHDXST,HUB_PITESTI,HUB_BACAU,1,1,SUNNY,2026-01-28T12:00:00
AWBK95SE,HUB_PITESTI,HUB_ARAD,1,1,SUNNY,2026-01-28T12:00:00
AWBKVB7V,HUB_CLUJ,HUB_OTOPENI,1,1,SUNNY,2026-01-28T12:00:00
AWBUWTT7X,HUB_ARAD,HUB_SIBIU,1,1,SUNNY,2026-01-28T12:00:00
AWBFRHJKW4,HUB_IASI,HUB_PLOIESTI,1,1,SUNNY,2026-01-28T12:00:00
AWBKEA283,HUB_ARAD,HUB_CLUJ,1,1,SUNNY,2026-01-28T12:00:00
AWB0Y7XRI,HUB_OTOPENI,HUB_PLOIESTI,1,1,SUNNY,2026-01-28T12:00:00
AWBCEHAYB,HUB_CONSTANTA,HUB_ARAD,1,1,SUNNY,2026-01-28T12:00:00
AWBYJC1X,HUB_PITESTI,HUB_BUCURESTI,1,1,SUNNY,2026-01-28T12:00:00
AWBP7Y7O4,HUB_CLUJ,HUB_PLOIESTI,1,1,SUNNY,2026-01-28T12:00:00
AWBS1CQDC,HUB_BRASOV,HUB_CONSTANTA,1,1,SUNNY,2026-01-28T12:00:00
AWB7KR63,HUB_CONSTANTA,HUB_TIMISOARA,1,1,SUNNY,2026-01-28T12:00:00
AWBSVSDQH,HUB_BUCURESTI,HUB_SIBIU,1,1,SUNNY,2026-01-28T12:00:00
AWB64AHY,HUB_CRAIOVA,HUB_CONSTANTA,1,1,SUNNY,2026-01-28T12:00:00
AWBU72P7S,HUB_OTOPENI,HUB_PITESTI,1,1,SUNNY,2026-01-28T12:00:00
AWBPNDDJ,HUB_PLOIESTI,HUB_IASI,1,1,SUNNY,2026-01-28T12:00:00
AWBAXJU4,HUB_CLUJ,HUB_BACAU,1,1,SUNNY,2026-01-28T12:00:00
AWBG8WJV,HUB_ORADEA,HUB_TIMISOARA,1,1,SUNNY,2026-01-28T12:00:00
AWBOTHRFR,HUB_TIMISOARA,HUB_CRAIOVA,1,1,SUNNY,2026-01-28T12:00:00
AWB42BART,HUB_CRAIOVA,HUB_SIBIU,1,1,SUNNY,2026-01-28T12:00:00
AWBV8KB0L,HUB_GALATI,HUB_IASI,1,1,SUNNY,2026-01-28T12:00:00
AWBDBAQ13U,HUB_IASI,HUB_PITESTI,1,1,SUNNY,2026-01-28T12:00:00
AWBJ9EL7R,HUB_GALATI,HUB_PITESTI,1,1,SUNNY,2026-01-28T12:00:00
AWBUK8XKS,HUB_PITESTI,HUB_BRASOV,1,1,SUNNY,2026-01-28T12:00:00
AWBDIEDD,HUB_GALATI,HUB_CLUJ,1,1,SUNNY,2026-01-28T12:00:00
AWBJV0V2,HUB_CRAIOVA,HUB_SIBIU,1,1,SUNNY,2026-01-28T12:00:00
AWB5V24LM,HUB_BACAU,HUB_BUCURESTI,1,1,SUNNY,2026-01-28T12:00:00
AWBL7KJ9,HUB_CONSTANTA,HUB_ARAD,1,1,SUNNY,2026-01-28T12:00:00
AWBD5PSRC,HUB_OTOPENI,HUB_PLOIESTI,1,1,SUNNY,2026-01-28T12:00:00
AWBLMHLOU,HUB_TIMISOARA,HUB_BUCURESTI,1,1,SUNNY,2026-01-28T12:00:00
AWBZO82P,HUB_CLUJ,HUB_SIBIU,1,1,SUNNY,2026-01-28T12:00:00
AWB5TR5O,HUB_BUCURESTI,HUB_PITESTI,1,1,SUNNY,2026-01-28T12:00:00
AWBDVKJBT,HUB_PITESTI,HUB_CRAIOVA,1,1,SUNNY,2026-01-28T12:00:00
AWB0CR5Q,HUB_SIBIU,HUB_PITESTI,1,1,SUNNY,2026-01-28T12:00:00
AWBS8U0EU,HUB_CONSTANTA,HUB_SIBIU,1,1,SUNNY,2026-01-28T12:00:00
AWB8XQL7N,HUB_CRAIOVA,HUB_BRASOV,1,1,SUNNY,2026-01-28T12:00:00
AWB7YOK7I,HUB_IASI,HUB_OTOPENI,1,1,SUNNY,2026-01-28T12:00:00
AWB9AI3YF,HUB_GALATI,HUB_PITESTI,1,1,SUNNY,2026-01-28T12:00:00
AWB3R5I0C,HUB_TIMISOARA,HUB_ARAD,1,1,SUNNY,2026-01-28T12:00:00
AWBOBFP5Q,HUB_BACAU,HUB_CONSTANTA,1,1,SUNNY,2026-01-28T12:00:00
AWBYB9V9I,HUB_BUCURESTI,HUB_CONSTANTA,1,1,SUNNY,2026-01-28T12:00:00
AWB2KYLCM,HUB_OTOPENI,HUB_BACAU,1,1,SUNNY,2026-01-28T12:00:00
AWBVYHSQK,HUB_BACAU,HUB_CRAIOVA,1,1,SUNNY,2026-01-28T12:00:00
AWB37NO6K,HUB_CONSTANTA,HUB_IASI,1,1,SUNNY,2026-01-28T12:00:00
AWBDY52EF,HUB_BRASOV,HUB_OTOPENI,1,1,SUNNY,2026-01-28T12:00:00
AWBAOJBGA,HUB_ORADEA,HUB_IASI,1,1,SUNNY,2026-01-28T12:00:00
AWBA5VUCI,HUB_CRAIOVA,HUB_PITESTI,1,1,SUNNY,2026-01-28T12:00:00
